,Item,Price,Other_Info,Location,Store
0,Avocados Hass,1.25,1 ea | $1.25 / ea,"2501 9th Road South, Arlington, VA 22204",Giant
1,Giant Beets Sliced No Salt Added,1.49,15 oz jar | $0.10 / oz,"2501 9th Road South, Arlington, VA 22204",Giant
2,Nature's Promise Organic Black Beans Low Sodium,0.99,15.5 oz can | $0.06 / oz,"2501 9th Road South, Arlington, VA 22204",Giant
3,Giant 4 Cheese Mexican Blend Finely Shredded Natural,2.0,8 oz bag | $4.00 / lb,"2501 9th Road South, Arlington, VA 22204",Giant
4,Giant White Corn Tortillas Soft 6 Inch - 16 ct,0.99,16 oz pkg | $0.06 / oz,"2501 9th Road South, Arlington, VA 22204",Giant
5,Old El Paso Green Chiles Chopped Mild,1.99,7 oz can | $0.28 / oz,"2501 9th Road South, Arlington, VA 22204",Giant
6,Jalapeno Peppers,0.19,1 ea | $0.19 / ea,"2501 9th Road South, Arlington, VA 22204",Giant
7,Goya Garbanzos Beans Chick Peas Low Sodium,1.0,15.5 oz can | $0.06 / oz,"2501 9th Road South, Arlington, VA 22204",Giant
8,Masa Brosa Instant Corn Masa,2.59,4 lb bag | $0.04 / oz,"2501 9th Road South, Arlington, VA 22204",Giant
9,Giant Mixed Fruit Large Fresh,5.99,apx 1 lb | $5.99 / lb,"2501 9th Road South, Arlington, VA 22204",Giant
10,Bell Peppers Green,0.88,1 ea | $0.88 / ea,"2501 9th Road South, Arlington, VA 22204",Giant
11,Goya Pinto Beans Low Sodium,1.0,15.5 oz can | $0.06 / oz,"2501 9th Road South, Arlington, VA 22204",Giant
12,Giant White Rice Long Grain Enriched,11.29,20 lb bag | $0.04 / oz,"2501 9th Road South, Arlington, VA 22204",Giant
13,Pace Chunky Salsa Medium,3.59,24 oz jar | $0.15 / oz,"2501 9th Road South, Arlington, VA 22204",Giant
14,Zucchini Squash,1.66,1 ea | $1.66 / ea,"2501 9th Road South, Arlington, VA 22204",Giant
15,Tomatillos,0.37,1 ea | $0.37 / ea,"2501 9th Road South, Arlington, VA 22204",Giant
16,Tomatoes on the Vine,0.67,1 ea | $0.67 / ea,"2501 9th Road South, Arlington, VA 22204",Giant
17,Avocados Hass,1.25,1 ea | $1.25 / ea,"2901-11 S. Glebe Rd., Arlington, VA 22206",Giant
18,Giant Beets Sliced No Salt Added,1.49,15 oz jar | $0.10 / oz,"2901-11 S. Glebe Rd., Arlington, VA 22206",Giant
19,Nature's Promise Organic Black Beans Low Sodium,0.99,15.5 oz can | $0.06 / oz,"2901-11 S. Glebe Rd., Arlington, VA 22206",Giant
20,Giant 4 Cheese Mexican Blend Finely Shredded Natural,2.0,8 oz bag | $4.00 / lb,"2901-11 S. Glebe Rd., Arlington, VA 22206",Giant
21,Giant Tortilla Chips Restaurant Style 100% White Corn,2.49,13 oz bag | $0.19 / oz,"2901-11 S. Glebe Rd., Arlington, VA 22206",Giant
22,Old El Paso Green Chiles Chopped Mild,1.99,7 oz can | $0.28 / oz,"2901-11 S. Glebe Rd., Arlington, VA 22206",Giant
23,Jalapeno Peppers,0.19,1 ea | $0.19 / ea,"2901-11 S. Glebe Rd., Arlington, VA 22206",Giant
24,Hanover Garbanzo Beans Chick Peas,0.99,7.75 oz can | $0.13 / oz,"2901-11 S. Glebe Rd., Arlington, VA 22206",Giant
25,Masa Brosa Instant Corn Masa,2.59,4 lb bag | $0.04 / oz,"2901-11 S. Glebe Rd., Arlington, VA 22206",Giant
26,Giant Mixed Fruit Large Fresh,5.99,apx 1 lb | $5.99 / lb,"2901-11 S. Glebe Rd., Arlington, VA 22206",Giant
27,Bell Peppers Green,0.88,1 ea | $0.88 / ea,"2901-11 S. Glebe Rd., Arlington, VA 22206",Giant
28,Glory Foods Pinto Beans Southern Style Seasoned,1.59,15 oz can | $0.11 / oz,"2901-11 S. Glebe Rd., Arlington, VA 22206",Giant
29,Giant White Rice Long Grain Enriched,11.29,20 lb bag | $0.04 / oz,"2901-11 S. Glebe Rd., Arlington, VA 22206",Giant
30,Pace Chunky Salsa Medium,3.59,24 oz jar | $0.15 / oz,"2901-11 S. Glebe Rd., Arlington, VA 22206",Giant
31,Zucchini Squash,1.66,1 ea | $1.66 / ea,"2901-11 S. Glebe Rd., Arlington, VA 22206",Giant
32,Tomatillos,0.37,1 ea | $0.37 / ea,"2901-11 S. Glebe Rd., Arlington, VA 22206",Giant
33,Tomatoes on the Vine,0.67,1 ea | $0.67 / ea,"2901-11 S. Glebe Rd., Arlington, VA 22206",Giant
34,Avocados Hass,1.25,1 ea | $1.25 / ea,"3115 Lee Hwy., Arlington, VA 22201",Giant
35,Giant Beets Sliced No Salt Added,1.49,15 oz jar | $0.10 / oz,"3115 Lee Hwy., Arlington, VA 22201",Giant
36,Nature's Promise Organic Black Beans Low Sodium,0.99,15.5 oz can | $0.06 / oz,"3115 Lee Hwy., Arlington, VA 22201",Giant
37,Giant 4 Cheese Mexican Blend Finely Shredded Natural,2.0,8 oz bag | $4.00 / lb,"3115 Lee Hwy., Arlington, VA 22201",Giant
38,Giant Tortilla Chips Restaurant Style 100% White Corn,2.49,13 oz bag | $0.19 / oz,"3115 Lee Hwy., Arlington, VA 22201",Giant
39,Old El Paso Green Chiles Chopped Mild,1.99,7 oz can | $0.28 / oz,"3115 Lee Hwy., Arlington, VA 22201",Giant
40,Jalapeno Peppers,0.19,1 ea | $0.19 / ea,"3115 Lee Hwy., Arlington, VA 22201",Giant
41,Goya Garbanzos Beans Chick Peas Low Sodium,1.0,15.5 oz can | $0.06 / oz,"3115 Lee Hwy., Arlington, VA 22201",Giant
42,Masa Brosa Instant Corn Masa,2.59,4 lb bag | $0.04 / oz,"3115 Lee Hwy., Arlington, VA 22201",Giant
43,Giant Mixed Fruit Large Fresh,5.99,apx 1 lb | $5.99 / lb,"3115 Lee Hwy., Arlington, VA 22201",Giant
44,Bell Peppers Green,0.88,1 ea | $0.88 / ea,"3115 Lee Hwy., Arlington, VA 22201",Giant
45,Goya Prime Premium Pinto Beans,1.0,15.5 oz can | $0.06 / oz,"3115 Lee Hwy., Arlington, VA 22201",Giant
46,Giant White Rice Long Grain Enriched,11.29,20 lb bag | $0.04 / oz,"3115 Lee Hwy., Arlington, VA 22201",Giant
47,Pace Chunky Salsa Mild,3.59,24 oz jar | $0.15 / oz,"3115 Lee Hwy., Arlington, VA 22201",Giant
48,Zucchini Squash,1.66,1 ea | $1.66 / ea,"3115 Lee Hwy., Arlington, VA 22201",Giant
49,Tomatillos,0.37,1 ea | $0.37 / ea,"3115 Lee Hwy., Arlington, VA 22201",Giant
50,Tomatoes on the Vine,0.67,1 ea | $0.67 / ea,"3115 Lee Hwy., Arlington, VA 22201",Giant
51,Avocados Hass,1.25,1 ea | $1.25 / ea,"3450 Washington Blvd., Arlington, VA 22201",Giant
52,Giant Beets Whole,0.99,15 oz can | $0.07 / oz,"3450 Washington Blvd., Arlington, VA 22201",Giant
53,Nature's Promise Organic Black Beans Low Sodium,0.99,15.5 oz can | $0.06 / oz,"3450 Washington Blvd., Arlington, VA 22201",Giant
54,Giant 4 Cheese Mexican Blend Finely Shredded Natural,2.0,8 oz bag | $4.00 / lb,"3450 Washington Blvd., Arlington, VA 22201",Giant
55,Giant White Corn Tortillas Soft 6 Inch - 16 ct,0.99,16 oz pkg | $0.06 / oz,"3450 Washington Blvd., Arlington, VA 22201",Giant
56,Old El Paso Green Chiles Chopped Mild,1.99,7 oz can | $0.28 / oz,"3450 Washington Blvd., Arlington, VA 22201",Giant
57,Jalapeno Peppers,0.19,1 ea | $0.19 / ea,"3450 Washington Blvd., Arlington, VA 22201",Giant
58,Goya Garbanzos Beans Chick Peas Low Sodium,1.0,15.5 oz can | $0.06 / oz,"3450 Washington Blvd., Arlington, VA 22201",Giant
59,Masa Brosa Instant Corn Masa,2.59,4 lb bag | $0.04 / oz,"3450 Washington Blvd., Arlington, VA 22201",Giant
60,Giant Mixed Fruit Large Fresh,5.99,apx 1 lb | $5.99 / lb,"3450 Washington Blvd., Arlington, VA 22201",Giant
61,Bell Peppers Green,0.88,1 ea | $0.88 / ea,"3450 Washington Blvd., Arlington, VA 22201",Giant
62,Glory Foods Pinto Beans Southern Style Seasoned,1.59,15 oz can | $0.11 / oz,"3450 Washington Blvd., Arlington, VA 22201",Giant
63,Giant White Rice Long Grain Enriched,11.29,20 lb bag | $0.04 / oz,"3450 Washington Blvd., Arlington, VA 22201",Giant
64,Pace Chunky Salsa Medium,3.59,24 oz jar | $0.15 / oz,"3450 Washington Blvd., Arlington, VA 22201",Giant
65,Zucchini Squash,1.66,1 ea | $1.66 / ea,"3450 Washington Blvd., Arlington, VA 22201",Giant
66,Tomatillos,0.37,1 ea | $0.37 / ea,"3450 Washington Blvd., Arlington, VA 22201",Giant
67,Tomatoes on the Vine,0.67,1 ea | $0.67 / ea,"3450 Washington Blvd., Arlington, VA 22201",Giant
68,Avocados Hass,1.25,1 ea | $1.25 / ea,"621 East Glebe Road, Alexandria, VA 22305",Giant
69,Giant Beets Sliced No Salt Added,1.49,15 oz jar | $0.10 / oz,"621 East Glebe Road, Alexandria, VA 22305",Giant
70,Nature's Promise Organic Black Beans Low Sodium,0.99,15.5 oz can | $0.06 / oz,"621 East Glebe Road, Alexandria, VA 22305",Giant
71,Giant 4 Cheese Mexican Blend Finely Shredded Natural,2.0,8 oz bag | $4.00 / lb,"621 East Glebe Road, Alexandria, VA 22305",Giant
72,Giant Tortilla Chips Restaurant Style 100% White Corn,2.49,13 oz bag | $0.19 / oz,"621 East Glebe Road, Alexandria, VA 22305",Giant
73,Old El Paso Green Chiles Chopped Mild,1.99,7 oz can | $0.28 / oz,"621 East Glebe Road, Alexandria, VA 22305",Giant
74,Jalapeno Peppers,0.19,1 ea | $0.19 / ea,"621 East Glebe Road, Alexandria, VA 22305",Giant
75,Goya Garbanzos Beans Chick Peas Low Sodium,1.0,15.5 oz can | $0.06 / oz,"621 East Glebe Road, Alexandria, VA 22305",Giant
76,Maseca Instant Corn Masa Flour,2.99,4.84 lb bag | $0.04 / oz,"621 East Glebe Road, Alexandria, VA 22305",Giant
77,Giant Mixed Fruit Large Fresh,5.99,apx 1 lb | $5.99 / lb,"621 East Glebe Road, Alexandria, VA 22305",Giant
78,Bell Peppers Green,0.88,1 ea | $0.88 / ea,"621 East Glebe Road, Alexandria, VA 22305",Giant
79,Goya Prime Premium Pinto Beans,1.0,15.5 oz can | $0.06 / oz,"621 East Glebe Road, Alexandria, VA 22305",Giant
80,Giant White Rice Long Grain Enriched,11.29,20 lb bag | $0.04 / oz,"621 East Glebe Road, Alexandria, VA 22305",Giant
81,Pace Chunky Salsa Medium,3.59,24 oz jar | $0.15 / oz,"621 East Glebe Road, Alexandria, VA 22305",Giant
82,Zucchini Squash,1.66,1 ea | $1.66 / ea,"621 East Glebe Road, Alexandria, VA 22305",Giant
83,Tomatillos,0.37,1 ea | $0.37 / ea,"621 East Glebe Road, Alexandria, VA 22305",Giant
84,Tomatoes on the Vine,0.67,1 ea | $0.67 / ea,"621 East Glebe Road, Alexandria, VA 22305",Giant
85,Avocados Hass,1.25,1 ea | $1.25 / ea,"6360 Seven Corners Ctr, Falls Church, VA 22044",Giant
86,Giant Beets Sliced No Salt Added,1.49,15 oz jar | $0.10 / oz,"6360 Seven Corners Ctr, Falls Church, VA 22044",Giant
87,Nature's Promise Organic Black Beans Low Sodium,0.99,15.5 oz can | $0.06 / oz,"6360 Seven Corners Ctr, Falls Church, VA 22044",Giant
88,Giant 4 Cheese Mexican Blend Finely Shredded Natural,2.0,8 oz bag | $4.00 / lb,"6360 Seven Corners Ctr, Falls Church, VA 22044",Giant
89,Giant White Corn Tortillas Soft 6 Inch - 16 ct,0.99,16 oz pkg | $0.06 / oz,"6360 Seven Corners Ctr, Falls Church, VA 22044",Giant
90,Old El Paso Green Chiles Chopped Mild,1.99,7 oz can | $0.28 / oz,"6360 Seven Corners Ctr, Falls Church, VA 22044",Giant
91,Jalapeno Peppers,0.19,1 ea | $0.19 / ea,"6360 Seven Corners Ctr, Falls Church, VA 22044",Giant
92,Goya Garbanzos Beans Chick Peas Low Sodium,1.0,15.5 oz can | $0.06 / oz,"6360 Seven Corners Ctr, Falls Church, VA 22044",Giant
93,Masa Brosa Instant Corn Masa,2.59,4 lb bag | $0.04 / oz,"6360 Seven Corners Ctr, Falls Church, VA 22044",Giant
94,Giant Mixed Fruit Large Fresh,5.99,apx 1 lb | $5.99 / lb,"6360 Seven Corners Ctr, Falls Church, VA 22044",Giant
95,Bell Peppers Green,0.88,1 ea | $0.88 / ea,"6360 Seven Corners Ctr, Falls Church, VA 22044",Giant
96,Goya Pinto Beans Low Sodium,1.0,15.5 oz can | $0.06 / oz,"6360 Seven Corners Ctr, Falls Church, VA 22044",Giant
97,Giant White Rice Long Grain Enriched,11.29,20 lb bag | $0.04 / oz,"6360 Seven Corners Ctr, Falls Church, VA 22044",Giant
98,Pace Chunky Salsa Medium,3.59,24 oz jar | $0.15 / oz,"6360 Seven Corners Ctr, Falls Church, VA 22044",Giant
99,Zucchini Squash,1.66,1 ea | $1.66 / ea,"6360 Seven Corners Ctr, Falls Church, VA 22044",Giant
100,Tomatillos,0.37,1 ea | $0.37 / ea,"6360 Seven Corners Ctr, Falls Church, VA 22044",Giant
101,Tomatoes on the Vine,0.67,1 ea | $0.67 / ea,"6360 Seven Corners Ctr, Falls Church, VA 22044",Giant
102,Fresh Hass Avocado,2.5,1 each  | $2.50,"1631 Kalorama Rd NW Suite 100
Washington DC, 20009
(202) 986-1415
Store Hours: 7am-11pm
Details >",Harris Teeter
103,Fresh Beets,3.49,1 bunch  | $3.49/bunch,"1631 Kalorama Rd NW Suite 100
Washington DC, 20009
(202) 986-1415
Store Hours: 7am-11pm
Details >",Harris Teeter
104,Harris Teeter Black Beans,0.79,15.25 oz  | $0.05/oz,"1631 Kalorama Rd NW Suite 100
Washington DC, 20009
(202) 986-1415
Store Hours: 7am-11pm
Details >",Harris Teeter
105,Highland Crest Shredded Mexican Cheese Blend,2.59,12 oz  | $0.22/oz,"1631 Kalorama Rd NW Suite 100
Washington DC, 20009
(202) 986-1415
Store Hours: 7am-11pm
Details >",Harris Teeter
106,Harris Teeter Corn Tortillas,1.69,30 each  | $0.06,"1631 Kalorama Rd NW Suite 100
Washington DC, 20009
(202) 986-1415
Store Hours: 7am-11pm
Details >",Harris Teeter
107,Harris Teeter Mild Diced Green Chiles,0.79,4 oz  | $0.20/oz,"1631 Kalorama Rd NW Suite 100
Washington DC, 20009
(202) 986-1415
Store Hours: 7am-11pm
Details >",Harris Teeter
108,Fresh Jalapeno Pepper,0.29,2 oz (avg.)  | $2.29/lb,"1631 Kalorama Rd NW Suite 100
Washington DC, 20009
(202) 986-1415
Store Hours: 7am-11pm
Details >",Harris Teeter
109,Harris Teeter Garbanzo Beans,0.79,15.5 oz  | $0.05/oz,"1631 Kalorama Rd NW Suite 100
Washington DC, 20009
(202) 986-1415
Store Hours: 7am-11pm
Details >",Harris Teeter
110,Welch's Fruit Snacks - Mixed Fruit,3.49,10 each  | $0.35,"1631 Kalorama Rd NW Suite 100
Washington DC, 20009
(202) 986-1415
Store Hours: 7am-11pm
Details >",Harris Teeter
111,Fresh Green Bell Pepper,0.99,1 each  | $0.99,"1631 Kalorama Rd NW Suite 100
Washington DC, 20009
(202) 986-1415
Store Hours: 7am-11pm
Details >",Harris Teeter
112,Harris Teeter Pinto Beans,0.79,15.5 oz  | $0.05/oz,"1631 Kalorama Rd NW Suite 100
Washington DC, 20009
(202) 986-1415
Store Hours: 7am-11pm
Details >",Harris Teeter
113,Harris Teeter Long Grain White Rice,2.99,80 oz  | $0.04/oz,"1631 Kalorama Rd NW Suite 100
Washington DC, 20009
(202) 986-1415
Store Hours: 7am-11pm
Details >",Harris Teeter
114,Harris Teeter Salsa - Roasted Cantina Style,2.49,16 oz  | $0.16/oz,"1631 Kalorama Rd NW Suite 100
Washington DC, 20009
(202) 986-1415
Store Hours: 7am-11pm
Details >",Harris Teeter
115,Fresh Zucchini Squash,0.62,5 oz (avg.)  | $1.99/lb,"1631 Kalorama Rd NW Suite 100
Washington DC, 20009
(202) 986-1415
Store Hours: 7am-11pm
Details >",Harris Teeter
116,Fresh Tomatillos,0.16,1 oz (avg.)  | $2.49/lb,"1631 Kalorama Rd NW Suite 100
Washington DC, 20009
(202) 986-1415
Store Hours: 7am-11pm
Details >",Harris Teeter
117,Fresh Roma Tomato,0.43,3 oz (avg.)  | $2.29/lb,"1631 Kalorama Rd NW Suite 100
Washington DC, 20009
(202) 986-1415
Store Hours: 7am-11pm
Details >",Harris Teeter
118,Fresh Hass Avocado,2.5,1 each  | $2.50,"2425 N. Harrison St
Arlington VA, 22207
(703) 532-8663
Store Hours: 6am-11pm
Details >",Harris Teeter
119,Fresh Beets,3.49,1 bunch  | $3.49/bunch,"2425 N. Harrison St
Arlington VA, 22207
(703) 532-8663
Store Hours: 6am-11pm
Details >",Harris Teeter
120,Harris Teeter Black Beans,0.79,15.25 oz  | $0.05/oz,"2425 N. Harrison St
Arlington VA, 22207
(703) 532-8663
Store Hours: 6am-11pm
Details >",Harris Teeter
121,Harris Teeter Fancy Shredded 4 Cheese Blend Mexican Cheese,3.39,8 oz  | $0.42/oz,"2425 N. Harrison St
Arlington VA, 22207
(703) 532-8663
Store Hours: 6am-11pm
Details >",Harris Teeter
122,Harris Teeter Corn Tortillas,1.69,30 each  | $0.06,"2425 N. Harrison St
Arlington VA, 22207
(703) 532-8663
Store Hours: 6am-11pm
Details >",Harris Teeter
123,Harris Teeter Mild Diced Green Chiles,0.79,4 oz  | $0.20/oz,"2425 N. Harrison St
Arlington VA, 22207
(703) 532-8663
Store Hours: 6am-11pm
Details >",Harris Teeter
124,Fresh Jalapeno Pepper,0.29,2 oz (avg.)  | $2.29/lb,"2425 N. Harrison St
Arlington VA, 22207
(703) 532-8663
Store Hours: 6am-11pm
Details >",Harris Teeter
125,Harris Teeter Garbanzo Beans,0.79,15.5 oz  | $0.05/oz,"2425 N. Harrison St
Arlington VA, 22207
(703) 532-8663
Store Hours: 6am-11pm
Details >",Harris Teeter
126,Welch's Fruit Snacks - Mixed Fruit,3.49,10 each  | $0.35,"2425 N. Harrison St
Arlington VA, 22207
(703) 532-8663
Store Hours: 6am-11pm
Details >",Harris Teeter
127,Fresh Green Bell Pepper,0.99,1 each  | $0.99,"2425 N. Harrison St
Arlington VA, 22207
(703) 532-8663
Store Hours: 6am-11pm
Details >",Harris Teeter
128,Harris Teeter Pinto Beans,0.79,15.5 oz  | $0.05/oz,"2425 N. Harrison St
Arlington VA, 22207
(703) 532-8663
Store Hours: 6am-11pm
Details >",Harris Teeter
129,Harris Teeter Long Grain White Rice,2.99,80 oz  | $0.04/oz,"2425 N. Harrison St
Arlington VA, 22207
(703) 532-8663
Store Hours: 6am-11pm
Details >",Harris Teeter
130,Harris Teeter Salsa - Medium,1.99,16 oz  | $0.12/oz,"2425 N. Harrison St
Arlington VA, 22207
(703) 532-8663
Store Hours: 6am-11pm
Details >",Harris Teeter
131,Fresh Zucchini Squash,0.62,5 oz (avg.)  | $1.99/lb,"2425 N. Harrison St
Arlington VA, 22207
(703) 532-8663
Store Hours: 6am-11pm
Details >",Harris Teeter
132,Fresh Tomatillos,0.16,1 oz (avg.)  | $2.49/lb,"2425 N. Harrison St
Arlington VA, 22207
(703) 532-8663
Store Hours: 6am-11pm
Details >",Harris Teeter
133,Fresh Roma Tomato,0.43,3 oz (avg.)  | $2.29/lb,"2425 N. Harrison St
Arlington VA, 22207
(703) 532-8663
Store Hours: 6am-11pm
Details >",Harris Teeter
134,Fresh Hass Avocado,2.5,1 each  | $2.50,"301 West Broad
Falls Church VA, 22046
(571) 419-6869
Store Hours: 6am-11pm
Details >",Harris Teeter
135,Fresh Beets,3.49,1 bunch  | $3.49/bunch,"301 West Broad
Falls Church VA, 22046
(571) 419-6869
Store Hours: 6am-11pm
Details >",Harris Teeter
136,Harris Teeter Black Beans,0.79,15.25 oz  | $0.05/oz,"301 West Broad
Falls Church VA, 22046
(571) 419-6869
Store Hours: 6am-11pm
Details >",Harris Teeter
137,Harris Teeter Fancy Shredded 4 Cheese Blend Mexican Cheese,3.39,8 oz  | $0.42/oz,"301 West Broad
Falls Church VA, 22046
(571) 419-6869
Store Hours: 6am-11pm
Details >",Harris Teeter
138,Harris Teeter Corn Tortillas,1.69,30 each  | $0.06,"301 West Broad
Falls Church VA, 22046
(571) 419-6869
Store Hours: 6am-11pm
Details >",Harris Teeter
139,Harris Teeter Mild Diced Green Chiles,0.79,4 oz  | $0.20/oz,"301 West Broad
Falls Church VA, 22046
(571) 419-6869
Store Hours: 6am-11pm
Details >",Harris Teeter
140,Fresh Jalapeno Pepper,0.29,2 oz (avg.)  | $2.29/lb,"301 West Broad
Falls Church VA, 22046
(571) 419-6869
Store Hours: 6am-11pm
Details >",Harris Teeter
141,Harris Teeter Garbanzo Beans,0.79,15.5 oz  | $0.05/oz,"301 West Broad
Falls Church VA, 22046
(571) 419-6869
Store Hours: 6am-11pm
Details >",Harris Teeter
142,Welch's Fruit Snacks - Mixed Fruit,3.49,10 each  | $0.35,"301 West Broad
Falls Church VA, 22046
(571) 419-6869
Store Hours: 6am-11pm
Details >",Harris Teeter
143,Fresh Green Bell Pepper,0.99,1 each  | $0.99,"301 West Broad
Falls Church VA, 22046
(571) 419-6869
Store Hours: 6am-11pm
Details >",Harris Teeter
144,Harris Teeter Pinto Beans,0.79,15.5 oz  | $0.05/oz,"301 West Broad
Falls Church VA, 22046
(571) 419-6869
Store Hours: 6am-11pm
Details >",Harris Teeter
145,Harris Teeter Long Grain White Rice,2.99,80 oz  | $0.04/oz,"301 West Broad
Falls Church VA, 22046
(571) 419-6869
Store Hours: 6am-11pm
Details >",Harris Teeter
146,Harris Teeter Salsa - Medium,1.99,16 oz  | $0.12/oz,"301 West Broad
Falls Church VA, 22046
(571) 419-6869
Store Hours: 6am-11pm
Details >",Harris Teeter
147,Fresh Zucchini Squash,0.62,5 oz (avg.)  | $1.99/lb,"301 West Broad
Falls Church VA, 22046
(571) 419-6869
Store Hours: 6am-11pm
Details >",Harris Teeter
148,Fresh Tomatillos,0.16,1 oz (avg.)  | $2.49/lb,"301 West Broad
Falls Church VA, 22046
(571) 419-6869
Store Hours: 6am-11pm
Details >",Harris Teeter
149,Fresh Roma Tomato,0.43,3 oz (avg.)  | $2.29/lb,"301 West Broad
Falls Church VA, 22046
(571) 419-6869
Store Hours: 6am-11pm
Details >",Harris Teeter
150,Fresh Hass Avocado,2.5,1 each  | $2.50,"3600 S Glebe Rd
Arlington VA, 22202
(703) 412-1544
Store Hours: 6am-11pm
Details >",Harris Teeter
151,Fresh Beets,3.49,1 bunch  | $3.49/bunch,"3600 S Glebe Rd
Arlington VA, 22202
(703) 412-1544
Store Hours: 6am-11pm
Details >",Harris Teeter
152,Harris Teeter Black Beans,0.79,15.25 oz  | $0.05/oz,"3600 S Glebe Rd
Arlington VA, 22202
(703) 412-1544
Store Hours: 6am-11pm
Details >",Harris Teeter
153,Harris Teeter Fancy Shredded 4 Cheese Blend Mexican Cheese,3.39,8 oz  | $0.42/oz,"3600 S Glebe Rd
Arlington VA, 22202
(703) 412-1544
Store Hours: 6am-11pm
Details >",Harris Teeter
154,Harris Teeter Corn Tortillas,1.69,30 each  | $0.06,"3600 S Glebe Rd
Arlington VA, 22202
(703) 412-1544
Store Hours: 6am-11pm
Details >",Harris Teeter
155,Harris Teeter Mild Diced Green Chiles,0.79,4 oz  | $0.20/oz,"3600 S Glebe Rd
Arlington VA, 22202
(703) 412-1544
Store Hours: 6am-11pm
Details >",Harris Teeter
156,Fresh Jalapeno Pepper,0.29,2 oz (avg.)  | $2.29/lb,"3600 S Glebe Rd
Arlington VA, 22202
(703) 412-1544
Store Hours: 6am-11pm
Details >",Harris Teeter
157,Harris Teeter Garbanzo Beans,0.79,15.5 oz  | $0.05/oz,"3600 S Glebe Rd
Arlington VA, 22202
(703) 412-1544
Store Hours: 6am-11pm
Details >",Harris Teeter
158,Welch's Fruit Snacks - Mixed Fruit,3.49,10 each  | $0.35,"3600 S Glebe Rd
Arlington VA, 22202
(703) 412-1544
Store Hours: 6am-11pm
Details >",Harris Teeter
159,Fresh Green Bell Pepper,0.99,1 each  | $0.99,"3600 S Glebe Rd
Arlington VA, 22202
(703) 412-1544
Store Hours: 6am-11pm
Details >",Harris Teeter
160,Harris Teeter Pinto Beans,0.79,15.5 oz  | $0.05/oz,"3600 S Glebe Rd
Arlington VA, 22202
(703) 412-1544
Store Hours: 6am-11pm
Details >",Harris Teeter
161,Harris Teeter Long Grain White Rice,2.99,80 oz  | $0.04/oz,"3600 S Glebe Rd
Arlington VA, 22202
(703) 412-1544
Store Hours: 6am-11pm
Details >",Harris Teeter
162,Harris Teeter Salsa - Medium,1.99,16 oz  | $0.12/oz,"3600 S Glebe Rd
Arlington VA, 22202
(703) 412-1544
Store Hours: 6am-11pm
Details >",Harris Teeter
163,Fresh Zucchini Squash,0.62,5 oz (avg.)  | $1.99/lb,"3600 S Glebe Rd
Arlington VA, 22202
(703) 412-1544
Store Hours: 6am-11pm
Details >",Harris Teeter
164,Fresh Tomatillos,0.16,1 oz (avg.)  | $2.49/lb,"3600 S Glebe Rd
Arlington VA, 22202
(703) 412-1544
Store Hours: 6am-11pm
Details >",Harris Teeter
165,Fresh Roma Tomato,0.43,3 oz (avg.)  | $2.29/lb,"3600 S Glebe Rd
Arlington VA, 22202
(703) 412-1544
Store Hours: 6am-11pm
Details >",Harris Teeter
166,Fresh Hass Avocado,2.5,1 each  | $2.50,"401 M Street SE
Washington DC, 20003
202-554-0164
Store Hours: 6am-11pm
Details >",Harris Teeter
167,Fresh Beets,3.49,1 bunch  | $3.49/bunch,"401 M Street SE
Washington DC, 20003
202-554-0164
Store Hours: 6am-11pm
Details >",Harris Teeter
168,Harris Teeter Black Beans,0.79,15.25 oz  | $0.05/oz,"401 M Street SE
Washington DC, 20003
202-554-0164
Store Hours: 6am-11pm
Details >",Harris Teeter
169,Highland Crest Shredded Mexican Cheese Blend,2.59,12 oz  | $0.22/oz,"401 M Street SE
Washington DC, 20003
202-554-0164
Store Hours: 6am-11pm
Details >",Harris Teeter
170,Harris Teeter Corn Tortillas,1.69,30 each  | $0.06,"401 M Street SE
Washington DC, 20003
202-554-0164
Store Hours: 6am-11pm
Details >",Harris Teeter
171,Harris Teeter Diced Tomatoes with Green Chilies,0.69,10 oz  | $0.07/oz,"401 M Street SE
Washington DC, 20003
202-554-0164
Store Hours: 6am-11pm
Details >",Harris Teeter
172,Fresh Jalapeno Pepper,0.29,2 oz (avg.)  | $2.29/lb,"401 M Street SE
Washington DC, 20003
202-554-0164
Store Hours: 6am-11pm
Details >",Harris Teeter
173,Harris Teeter Garbanzo Beans,0.79,15.5 oz  | $0.05/oz,"401 M Street SE
Washington DC, 20003
202-554-0164
Store Hours: 6am-11pm
Details >",Harris Teeter
174,Harris Teeter Mixed Fruit - Frozen,9.99,48 oz  | $0.21/oz,"401 M Street SE
Washington DC, 20003
202-554-0164
Store Hours: 6am-11pm
Details >",Harris Teeter
175,Fresh Green Bell Pepper,0.99,1 each  | $0.99,"401 M Street SE
Washington DC, 20003
202-554-0164
Store Hours: 6am-11pm
Details >",Harris Teeter
176,Harris Teeter Pinto Beans,0.79,15.5 oz  | $0.05/oz,"401 M Street SE
Washington DC, 20003
202-554-0164
Store Hours: 6am-11pm
Details >",Harris Teeter
177,Harris Teeter Long Grain White Rice,2.99,80 oz  | $0.04/oz,"401 M Street SE
Washington DC, 20003
202-554-0164
Store Hours: 6am-11pm
Details >",Harris Teeter
178,"Harris Teeter Salsa - Thick & Chunky, Mild",1.99,16 oz  | $0.12/oz,"401 M Street SE
Washington DC, 20003
202-554-0164
Store Hours: 6am-11pm
Details >",Harris Teeter
179,Fresh Zucchini Squash,0.62,5 oz (avg.)  | $1.99/lb,"401 M Street SE
Washington DC, 20003
202-554-0164
Store Hours: 6am-11pm
Details >",Harris Teeter
180,HT Traders Premium Salsa - Tomatillo,3.99,16 oz  | $0.25/oz,"401 M Street SE
Washington DC, 20003
202-554-0164
Store Hours: 6am-11pm
Details >",Harris Teeter
181,Fresh Roma Tomato,0.43,3 oz (avg.)  | $2.29/lb,"401 M Street SE
Washington DC, 20003
202-554-0164
Store Hours: 6am-11pm
Details >",Harris Teeter
182,Fresh Hass Avocado,2.5,1 each  | $2.50,"4250 Campbell Ave
Arlington VA, 22206
(703) 379-2003
Store Hours: 6am-11pm
Details >",Harris Teeter
183,Fresh Beets,3.49,1 bunch  | $3.49/bunch,"4250 Campbell Ave
Arlington VA, 22206
(703) 379-2003
Store Hours: 6am-11pm
Details >",Harris Teeter
184,Harris Teeter Black Beans,0.79,15.25 oz  | $0.05/oz,"4250 Campbell Ave
Arlington VA, 22206
(703) 379-2003
Store Hours: 6am-11pm
Details >",Harris Teeter
185,Highland Crest Shredded Mexican Cheese Blend,2.59,12 oz  | $0.22/oz,"4250 Campbell Ave
Arlington VA, 22206
(703) 379-2003
Store Hours: 6am-11pm
Details >",Harris Teeter
186,Harris Teeter Corn Tortillas,1.69,30 each  | $0.06,"4250 Campbell Ave
Arlington VA, 22206
(703) 379-2003
Store Hours: 6am-11pm
Details >",Harris Teeter
187,Harris Teeter Petite Diced Tomatoes with Green Chilies,0.79,14.5 oz  | $0.05/oz,"4250 Campbell Ave
Arlington VA, 22206
(703) 379-2003
Store Hours: 6am-11pm
Details >",Harris Teeter
188,Fresh Jalapeno Pepper,0.29,2 oz (avg.)  | $2.29/lb,"4250 Campbell Ave
Arlington VA, 22206
(703) 379-2003
Store Hours: 6am-11pm
Details >",Harris Teeter
189,Harris Teeter Garbanzo Beans,0.79,15.5 oz  | $0.05/oz,"4250 Campbell Ave
Arlington VA, 22206
(703) 379-2003
Store Hours: 6am-11pm
Details >",Harris Teeter
190,Welch's Fruit Snacks - Mixed Fruit,3.49,10 each  | $0.35,"4250 Campbell Ave
Arlington VA, 22206
(703) 379-2003
Store Hours: 6am-11pm
Details >",Harris Teeter
191,Fresh Green Bell Pepper,0.99,1 each  | $0.99,"4250 Campbell Ave
Arlington VA, 22206
(703) 379-2003
Store Hours: 6am-11pm
Details >",Harris Teeter
192,Harris Teeter Pinto Beans,0.79,15.5 oz  | $0.05/oz,"4250 Campbell Ave
Arlington VA, 22206
(703) 379-2003
Store Hours: 6am-11pm
Details >",Harris Teeter
193,Harris Teeter Long Grain White Rice,2.99,80 oz  | $0.04/oz,"4250 Campbell Ave
Arlington VA, 22206
(703) 379-2003
Store Hours: 6am-11pm
Details >",Harris Teeter
194,"Harris Teeter Salsa - Thick & Chunky, Mild",1.99,16 oz  | $0.12/oz,"4250 Campbell Ave
Arlington VA, 22206
(703) 379-2003
Store Hours: 6am-11pm
Details >",Harris Teeter
195,Fresh Zucchini Squash,0.62,5 oz (avg.)  | $1.99/lb,"4250 Campbell Ave
Arlington VA, 22206
(703) 379-2003
Store Hours: 6am-11pm
Details >",Harris Teeter
196,Fresh Tomatillos,0.16,1 oz (avg.)  | $2.49/lb,"4250 Campbell Ave
Arlington VA, 22206
(703) 379-2003
Store Hours: 6am-11pm
Details >",Harris Teeter
197,Fresh Roma Tomato,0.43,3 oz (avg.)  | $2.29/lb,"4250 Campbell Ave
Arlington VA, 22206
(703) 379-2003
Store Hours: 6am-11pm
Details >",Harris Teeter
198,Fresh Hass Avocado,2.5,1 each  | $2.50,"4550 King Street
Alexandria VA, 22302
(571) 895-2820
Store Hours: 6am-11pm (Grand Opening: 06/23/2021)
Details >",Harris Teeter
199,Fresh Beets,3.49,1 bunch  | $3.49/bunch,"4550 King Street
Alexandria VA, 22302
(571) 895-2820
Store Hours: 6am-11pm (Grand Opening: 06/23/2021)
Details >",Harris Teeter
200,Harris Teeter Black Beans,0.79,15.25 oz  | $0.05/oz,"4550 King Street
Alexandria VA, 22302
(571) 895-2820
Store Hours: 6am-11pm (Grand Opening: 06/23/2021)
Details >",Harris Teeter
201,Highland Crest Shredded Mexican Cheese Blend,2.59,12 oz  | $0.22/oz,"4550 King Street
Alexandria VA, 22302
(571) 895-2820
Store Hours: 6am-11pm (Grand Opening: 06/23/2021)
Details >",Harris Teeter
202,Harris Teeter Corn Tortillas,1.69,30 each  | $0.06,"4550 King Street
Alexandria VA, 22302
(571) 895-2820
Store Hours: 6am-11pm (Grand Opening: 06/23/2021)
Details >",Harris Teeter
203,Harris Teeter Petite Diced Tomatoes with Green Chilies,0.79,14.5 oz  | $0.05/oz,"4550 King Street
Alexandria VA, 22302
(571) 895-2820
Store Hours: 6am-11pm (Grand Opening: 06/23/2021)
Details >",Harris Teeter
204,Fresh Jalapeno Pepper,0.29,2 oz (avg.)  | $2.29/lb,"4550 King Street
Alexandria VA, 22302
(571) 895-2820
Store Hours: 6am-11pm (Grand Opening: 06/23/2021)
Details >",Harris Teeter
205,Harris Teeter Garbanzo Beans,0.79,15.5 oz  | $0.05/oz,"4550 King Street
Alexandria VA, 22302
(571) 895-2820
Store Hours: 6am-11pm (Grand Opening: 06/23/2021)
Details >",Harris Teeter
206,Welch's Mixed Fruit Snacks,1.59,5 oz  | $0.32/oz,"4550 King Street
Alexandria VA, 22302
(571) 895-2820
Store Hours: 6am-11pm (Grand Opening: 06/23/2021)
Details >",Harris Teeter
207,Fresh Green Bell Pepper,0.99,1 each  | $0.99,"4550 King Street
Alexandria VA, 22302
(571) 895-2820
Store Hours: 6am-11pm (Grand Opening: 06/23/2021)
Details >",Harris Teeter
208,Harris Teeter Pinto Beans,0.79,15.5 oz  | $0.05/oz,"4550 King Street
Alexandria VA, 22302
(571) 895-2820
Store Hours: 6am-11pm (Grand Opening: 06/23/2021)
Details >",Harris Teeter
209,Harris Teeter Long Grain White Rice,2.99,80 oz  | $0.04/oz,"4550 King Street
Alexandria VA, 22302
(571) 895-2820
Store Hours: 6am-11pm (Grand Opening: 06/23/2021)
Details >",Harris Teeter
210,Harris Teeter Salsa - Medium,1.99,16 oz  | $0.12/oz,"4550 King Street
Alexandria VA, 22302
(571) 895-2820
Store Hours: 6am-11pm (Grand Opening: 06/23/2021)
Details >",Harris Teeter
211,Fresh Zucchini Squash,0.62,5 oz (avg.)  | $1.99/lb,"4550 King Street
Alexandria VA, 22302
(571) 895-2820
Store Hours: 6am-11pm (Grand Opening: 06/23/2021)
Details >",Harris Teeter
212,Fresh Tomatillos,0.16,1 oz (avg.)  | $2.49/lb,"4550 King Street
Alexandria VA, 22302
(571) 895-2820
Store Hours: 6am-11pm (Grand Opening: 06/23/2021)
Details >",Harris Teeter
213,Fresh Roma Tomato,0.43,3 oz (avg.)  | $2.29/lb,"4550 King Street
Alexandria VA, 22302
(571) 895-2820
Store Hours: 6am-11pm (Grand Opening: 06/23/2021)
Details >",Harris Teeter
214,Fresh Hass Avocado,2.5,1 each  | $2.50,"954 South George Mason
Arlington VA, 22204
(571) 384-1610
Store Hours: 6am-11pm
Details >",Harris Teeter
215,Fresh Beets,3.49,1 bunch  | $3.49/bunch,"954 South George Mason
Arlington VA, 22204
(571) 384-1610
Store Hours: 6am-11pm
Details >",Harris Teeter
216,Harris Teeter Black Beans,0.79,15.25 oz  | $0.05/oz,"954 South George Mason
Arlington VA, 22204
(571) 384-1610
Store Hours: 6am-11pm
Details >",Harris Teeter
217,Highland Crest Shredded Mexican Cheese Blend,2.59,12 oz  | $0.22/oz,"954 South George Mason
Arlington VA, 22204
(571) 384-1610
Store Hours: 6am-11pm
Details >",Harris Teeter
218,Harris Teeter Corn Tortillas,1.69,30 each  | $0.06,"954 South George Mason
Arlington VA, 22204
(571) 384-1610
Store Hours: 6am-11pm
Details >",Harris Teeter
219,Harris Teeter Petite Diced Tomatoes with Green Chilies,0.79,14.5 oz  | $0.05/oz,"954 South George Mason
Arlington VA, 22204
(571) 384-1610
Store Hours: 6am-11pm
Details >",Harris Teeter
220,Fresh Jalapeno Pepper,0.29,2 oz (avg.)  | $2.29/lb,"954 South George Mason
Arlington VA, 22204
(571) 384-1610
Store Hours: 6am-11pm
Details >",Harris Teeter
221,Harris Teeter Garbanzo Beans,0.79,15.5 oz  | $0.05/oz,"954 South George Mason
Arlington VA, 22204
(571) 384-1610
Store Hours: 6am-11pm
Details >",Harris Teeter
222,Harris Teeter Mixed Fruit - Frozen,9.99,48 oz  | $0.21/oz,"954 South George Mason
Arlington VA, 22204
(571) 384-1610
Store Hours: 6am-11pm
Details >",Harris Teeter
223,Fresh Green Bell Pepper,0.99,1 each  | $0.99,"954 South George Mason
Arlington VA, 22204
(571) 384-1610
Store Hours: 6am-11pm
Details >",Harris Teeter
224,Harris Teeter Pinto Beans,0.79,15.5 oz  | $0.05/oz,"954 South George Mason
Arlington VA, 22204
(571) 384-1610
Store Hours: 6am-11pm
Details >",Harris Teeter
225,Harris Teeter Long Grain White Rice,2.99,80 oz  | $0.04/oz,"954 South George Mason
Arlington VA, 22204
(571) 384-1610
Store Hours: 6am-11pm
Details >",Harris Teeter
226,Harris Teeter Salsa - Medium,1.99,16 oz  | $0.12/oz,"954 South George Mason
Arlington VA, 22204
(571) 384-1610
Store Hours: 6am-11pm
Details >",Harris Teeter
227,Fresh Zucchini Squash,0.62,5 oz (avg.)  | $1.99/lb,"954 South George Mason
Arlington VA, 22204
(571) 384-1610
Store Hours: 6am-11pm
Details >",Harris Teeter
228,Fresh Tomatillos,0.16,1 oz (avg.)  | $2.49/lb,"954 South George Mason
Arlington VA, 22204
(571) 384-1610
Store Hours: 6am-11pm
Details >",Harris Teeter
229,Fresh Roma Tomato,0.43,3 oz (avg.)  | $2.29/lb,"954 South George Mason
Arlington VA, 22204
(571) 384-1610
Store Hours: 6am-11pm
Details >",Harris Teeter
230,Large Hass Avocado,2.0,($2.00 / Each),"1100 4th St SW
Washington, DC 20024",Safeway
231,Organic Beets - 1 Bunch,3.49,($3.49 / Each),"1100 4th St SW
Washington, DC 20024",Safeway
232,Signature SELECT Beans Black - 15 Oz,0.89,($0.06 / Ounce),"1100 4th St SW
Washington, DC 20024",Safeway
233,Lucerne Cheese Mexican Blend Thick Cut Shredded- 8 Oz,2.5,($0.31 / Ounce),"1100 4th St SW
Washington, DC 20024",Safeway
234,Signature SELECT Tortillas Corn White 30 Count - 25 Oz,1.79,($0.07 / Ounce),"1100 4th St SW
Washington, DC 20024",Safeway
235,Signature SELECT Green Chiles... iced Mild Can - 7 Oz,1.79,($0.26 / Ounce),"1100 4th St SW
Washington, DC 20024",Safeway
236,Green Jalapeno Peppers - 0.25 Lb,0.62,($2.49 / Lb),"1100 4th St SW
Washington, DC 20024",Safeway
237,Signature SELECT Beans Garbanzo - 15 Oz,0.89,($0.06 / Ounce),"1100 4th St SW
Washington, DC 20024",Safeway
238,Ma Se Ca Corn Masa Flour Instant - 4.4 Lb,2.5,($0.04 / Ounce),"1100 4th St SW
Washington, DC 20024",Safeway
239,Del Monte Fruit Naturals Fruit... a Light Syrup - 7 Oz,1.67,($0.24 / Ounce),"1100 4th St SW
Washington, DC 20024",Safeway
240,Green Bell Pepper,0.69,($0.69 / Each),"1100 4th St SW
Washington, DC 20024",Safeway
241,Signature SELECT Beans Pinto - 15.5 Oz,0.89,($0.06 / Ounce),"1100 4th St SW
Washington, DC 20024",Safeway
242,Bens Original Long Grain White Par Rice - 5 LB,8.49,($0.11 / Ounce),"1100 4th St SW
Washington, DC 20024",Safeway
243,Signature SELECT Salsa Chunky Classic Medium Jar - 16 Oz,2.29,($0.14 / Ounce),"1100 4th St SW
Washington, DC 20024",Safeway
244,Green Zucchini Squash,0.6,($1.49 / Lb),"1100 4th St SW
Washington, DC 20024",Safeway
245,Tomatillo,2.99,($2.99 / Lb),"1100 4th St SW
Washington, DC 20024",Safeway
246,On The Vine Red Tomato,0.99,($2.99 / Lb),"1100 4th St SW
Washington, DC 20024",Safeway
247,Large Hass Avocado,2.0,($2.00 / Each),"12 W Washington St
Middleburg, VA 20117",Safeway
248,Organic Beets - 1 Bunch,3.49,($3.49 / Each),"12 W Washington St
Middleburg, VA 20117",Safeway
249,Signature SELECT Beans Black - 15 Oz,0.89,($0.06 / Ounce),"12 W Washington St
Middleburg, VA 20117",Safeway
250,Lucerne Cheese Mexican Blend Thick Cut Shredded- 8 Oz,2.5,($0.31 / Ounce),"12 W Washington St
Middleburg, VA 20117",Safeway
251,Signature SELECT Tortillas Corn White 30 Count - 25 Oz,1.79,($0.07 / Ounce),"12 W Washington St
Middleburg, VA 20117",Safeway
252,Signature SELECT Green Chiles... iced Mild Can - 7 Oz,1.79,($0.26 / Ounce),"12 W Washington St
Middleburg, VA 20117",Safeway
253,Green Jalapeno Peppers - 0.25 Lb,0.62,($2.49 / Lb),"12 W Washington St
Middleburg, VA 20117",Safeway
254,Signature SELECT Beans Garbanzo - 15 Oz,0.89,($0.06 / Ounce),"12 W Washington St
Middleburg, VA 20117",Safeway
255,Ma Se Ca Corn Masa Flour Instant - 4.4 Lb,2.5,($0.04 / Ounce),"12 W Washington St
Middleburg, VA 20117",Safeway
256,Del Monte Fruit Naturals Fruit... a Light Syrup - 7 Oz,1.67,($0.24 / Ounce),"12 W Washington St
Middleburg, VA 20117",Safeway
257,Green Bell Pepper,0.69,($0.69 / Each),"12 W Washington St
Middleburg, VA 20117",Safeway
258,Signature SELECT Beans Pinto - 15.5 Oz,0.89,($0.06 / Ounce),"12 W Washington St
Middleburg, VA 20117",Safeway
259,Signature SELECT Rice Enriched Long Grain - 5 Lb,4.29,($0.05 / Ounce),"12 W Washington St
Middleburg, VA 20117",Safeway
260,Signature SELECT Salsa Chunky Classic Medium Jar - 16 Oz,2.29,($0.14 / Ounce),"12 W Washington St
Middleburg, VA 20117",Safeway
261,Green Zucchini Squash,0.6,($1.49 / Lb),"12 W Washington St
Middleburg, VA 20117",Safeway
262,Tomatillo,2.99,($2.99 / Lb),"12 W Washington St
Middleburg, VA 20117",Safeway
263,On The Vine Red Tomato,0.99,($2.99 / Lb),"12 W Washington St
Middleburg, VA 20117",Safeway
264,Large Hass Avocado,2.0,($2.00 / Each),"1525 Wilson Blvd
Arlington, VA 22209",Safeway
265,Organic Beets - 1 Bunch,3.49,($3.49 / Each),"1525 Wilson Blvd
Arlington, VA 22209",Safeway
266,Signature SELECT Beans Black - 15 Oz,0.89,($0.06 / Ounce),"1525 Wilson Blvd
Arlington, VA 22209",Safeway
267,Lucerne Cheese Mexican Blend Thick Cut Shredded- 8 Oz,1.99,($0.25 / Ounce),"1525 Wilson Blvd
Arlington, VA 22209",Safeway
268,Signature SELECT Tortilla Chips White Corn - 10.5 Oz,2.0,($0.19 / Ounce),"1525 Wilson Blvd
Arlington, VA 22209",Safeway
269,Signature SELECT Green Chiles... iced Mild Can - 7 Oz,1.79,($0.26 / Ounce),"1525 Wilson Blvd
Arlington, VA 22209",Safeway
270,Green Jalapeno Peppers - 0.25 Lb,0.62,($2.49 / Lb),"1525 Wilson Blvd
Arlington, VA 22209",Safeway
271,Signature SELECT Beans Garbanzo - 15 Oz,0.89,($0.06 / Ounce),"1525 Wilson Blvd
Arlington, VA 22209",Safeway
272,Ma Se Ca Corn Masa Flour Instant - 4.4 Lb,2.5,($0.04 / Ounce),"1525 Wilson Blvd
Arlington, VA 22209",Safeway
273,Del Monte Fruit Naturals Fruit... a Light Syrup - 7 Oz,1.67,($0.24 / Ounce),"1525 Wilson Blvd
Arlington, VA 22209",Safeway
274,Green Bell Pepper,0.69,($0.69 / Each),"1525 Wilson Blvd
Arlington, VA 22209",Safeway
275,Signature SELECT Beans Pinto - 15.5 Oz,0.89,($0.06 / Ounce),"1525 Wilson Blvd
Arlington, VA 22209",Safeway
276,Signature SELECT Rice Enriched Long Grain - 5 Lb,4.29,($0.05 / Ounce),"1525 Wilson Blvd
Arlington, VA 22209",Safeway
277,Signature SELECT Salsa Chunky Classic Medium Jar - 16 Oz,2.29,($0.14 / Ounce),"1525 Wilson Blvd
Arlington, VA 22209",Safeway
278,Green Zucchini Squash,0.6,($1.49 / Lb),"1525 Wilson Blvd
Arlington, VA 22209",Safeway
279,Tomatillo,2.99,($2.99 / Lb),"1525 Wilson Blvd
Arlington, VA 22209",Safeway
280,On The Vine Red Tomato,0.99,($2.99 / Lb),"1525 Wilson Blvd
Arlington, VA 22209",Safeway
281,Large Hass Avocado,2.0,($2.00 / Each),"2500 N Harrison St
Arlington, VA 22207",Safeway
282,Organic Beets - 1 Bunch,3.49,($3.49 / Each),"2500 N Harrison St
Arlington, VA 22207",Safeway
283,Signature SELECT Beans Black - 15 Oz,0.89,($0.06 / Ounce),"2500 N Harrison St
Arlington, VA 22207",Safeway
284,Lucerne Cheese Mexican Blend Thick Cut Shredded- 8 Oz,1.99,($0.25 / Ounce),"2500 N Harrison St
Arlington, VA 22207",Safeway
285,Signature SELECT Tortillas Corn White 30 Count - 25 Oz,1.79,($0.07 / Ounce),"2500 N Harrison St
Arlington, VA 22207",Safeway
286,Signature SELECT Green Chiles... iced Mild Can - 7 Oz,1.79,($0.26 / Ounce),"2500 N Harrison St
Arlington, VA 22207",Safeway
287,Green Jalapeno Peppers - 0.25 Lb,0.62,($2.49 / Lb),"2500 N Harrison St
Arlington, VA 22207",Safeway
288,Signature SELECT Beans Garbanzo - 15 Oz,0.89,($0.06 / Ounce),"2500 N Harrison St
Arlington, VA 22207",Safeway
289,Ma Se Ca Corn Masa Flour Instant - 4.4 Lb,2.5,($0.04 / Ounce),"2500 N Harrison St
Arlington, VA 22207",Safeway
290,Ma Se Ca Corn Masa Flour Instant - 4.4 Lb,2.5,($0.04 / Ounce),"2500 N Harrison St
Arlington, VA 22207",Safeway
291,Green Bell Pepper,0.69,($0.69 / Each),"2500 N Harrison St
Arlington, VA 22207",Safeway
292,Signature SELECT Beans Pinto - 15.5 Oz,0.89,($0.06 / Ounce),"2500 N Harrison St
Arlington, VA 22207",Safeway
293,Signature SELECT Rice Enriched Long Grain - 5 Lb,4.29,($0.05 / Ounce),"2500 N Harrison St
Arlington, VA 22207",Safeway
294,Signature SELECT Salsa Chunky Classic Medium Jar - 16 Oz,2.29,($0.14 / Ounce),"2500 N Harrison St
Arlington, VA 22207",Safeway
295,Signature SELECT Salsa Chunky Classic Medium Jar - 16 Oz,2.29,($0.14 / Ounce),"2500 N Harrison St
Arlington, VA 22207",Safeway
296,Tomatillo,2.99,($2.99 / Lb),"2500 N Harrison St
Arlington, VA 22207",Safeway
297,On The Vine Red Tomato,0.99,($2.99 / Lb),"2500 N Harrison St
Arlington, VA 22207",Safeway
298,Large Hass Avocado,2.0,($2.00 / Each),"3526 King St
Alexandria, VA 22302",Safeway
299,Organic Beets - 1 Bunch,3.49,($3.49 / Each),"3526 King St
Alexandria, VA 22302",Safeway
300,Signature SELECT Beans Black - 15 Oz,0.89,($0.06 / Ounce),"3526 King St
Alexandria, VA 22302",Safeway
301,Lucerne Cheese Mexican Blend Thick Cut Shredded- 8 Oz,1.99,($0.25 / Ounce),"3526 King St
Alexandria, VA 22302",Safeway
302,Signature SELECT Tortillas Corn White 30 Count - 25 Oz,1.79,($0.07 / Ounce),"3526 King St
Alexandria, VA 22302",Safeway
303,Signature SELECT Green Chiles... iced Mild Can - 7 Oz,1.79,($0.26 / Ounce),"3526 King St
Alexandria, VA 22302",Safeway
304,Green Jalapeno Peppers - 0.25 Lb,0.62,($2.49 / Lb),"3526 King St
Alexandria, VA 22302",Safeway
305,Signature SELECT Beans Garbanzo - 15 Oz,0.89,($0.06 / Ounce),"3526 King St
Alexandria, VA 22302",Safeway
306,Ma Se Ca Corn Masa Flour Instant - 4.4 Lb,2.5,($0.04 / Ounce),"3526 King St
Alexandria, VA 22302",Safeway
307,Del Monte Fruit Naturals Fruit... a Light Syrup - 7 Oz,1.67,($0.24 / Ounce),"3526 King St
Alexandria, VA 22302",Safeway
308,Green Bell Pepper,0.69,($0.69 / Each),"3526 King St
Alexandria, VA 22302",Safeway
309,Signature SELECT Beans Pinto - 15.5 Oz,0.89,($0.06 / Ounce),"3526 King St
Alexandria, VA 22302",Safeway
310,Bens Original Long Grain White Par Rice - 5 LB,8.49,($0.11 / Ounce),"3526 King St
Alexandria, VA 22302",Safeway
311,Signature SELECT Salsa Chunky Classic Medium Jar - 16 Oz,2.29,($0.14 / Ounce),"3526 King St
Alexandria, VA 22302",Safeway
312,Green Zucchini Squash,0.6,($1.49 / Lb),"3526 King St
Alexandria, VA 22302",Safeway
313,Tomatillo,2.99,($2.99 / Lb),"3526 King St
Alexandria, VA 22302",Safeway
314,On The Vine Red Tomato,0.99,($2.99 / Lb),"3526 King St
Alexandria, VA 22302",Safeway
315,Large Hass Avocado,2.0,($2.00 / Each),"3713 Lee Hwy
Arlington, VA 22207",Safeway
316,Organic Beets - 1 Bunch,3.49,($3.49 / Each),"3713 Lee Hwy
Arlington, VA 22207",Safeway
317,Signature SELECT Beans Black - 15 Oz,0.89,($0.06 / Ounce),"3713 Lee Hwy
Arlington, VA 22207",Safeway
318,Lucerne Cheese Mexican Blend Thick Cut Shredded- 8 Oz,1.99,($0.25 / Ounce),"3713 Lee Hwy
Arlington, VA 22207",Safeway
319,Signature SELECT Tortillas Corn White 30 Count - 25 Oz,1.79,($0.07 / Ounce),"3713 Lee Hwy
Arlington, VA 22207",Safeway
320,Signature SELECT Green Chiles... iced Mild Can - 7 Oz,1.79,($0.26 / Ounce),"3713 Lee Hwy
Arlington, VA 22207",Safeway
321,Green Jalapeno Peppers - 0.25 Lb,0.62,($2.49 / Lb),"3713 Lee Hwy
Arlington, VA 22207",Safeway
322,Signature SELECT Beans Garbanzo - 15 Oz,0.89,($0.06 / Ounce),"3713 Lee Hwy
Arlington, VA 22207",Safeway
323,Ma Se Ca Corn Masa Flour Instant - 4.4 Lb,2.5,($0.04 / Ounce),"3713 Lee Hwy
Arlington, VA 22207",Safeway
324,Del Monte Fruit Naturals Fruit... a Light Syrup - 7 Oz,1.67,($0.24 / Ounce),"3713 Lee Hwy
Arlington, VA 22207",Safeway
325,Green Bell Pepper,0.69,($0.69 / Each),"3713 Lee Hwy
Arlington, VA 22207",Safeway
326,Signature SELECT Beans Pinto - 15.5 Oz,0.89,($0.06 / Ounce),"3713 Lee Hwy
Arlington, VA 22207",Safeway
327,Signature SELECT Rice Enriched Long Grain - 5 Lb,4.29,($0.05 / Ounce),"3713 Lee Hwy
Arlington, VA 22207",Safeway
328,Signature SELECT Salsa Chunky Classic Medium Jar - 16 Oz,2.29,($0.14 / Ounce),"3713 Lee Hwy
Arlington, VA 22207",Safeway
329,Green Zucchini Squash,0.6,($1.49 / Lb),"3713 Lee Hwy
Arlington, VA 22207",Safeway
330,Tomatillo,2.99,($2.99 / Lb),"3713 Lee Hwy
Arlington, VA 22207",Safeway
331,On The Vine Red Tomato,0.99,($2.99 / Lb),"3713 Lee Hwy
Arlington, VA 22207",Safeway
332,Large Hass Avocado,2.0,($2.00 / Each),"5101 Wilson Blvd
Arlington, VA 22205",Safeway
333,Organic Beets - 1 Bunch,3.49,($3.49 / Each),"5101 Wilson Blvd
Arlington, VA 22205",Safeway
334,Signature SELECT Beans Black - 15 Oz,0.89,($0.06 / Ounce),"5101 Wilson Blvd
Arlington, VA 22205",Safeway
335,Lucerne Cheese Mexican Blend Thick Cut Shredded- 8 Oz,1.99,($0.25 / Ounce),"5101 Wilson Blvd
Arlington, VA 22205",Safeway
336,Signature SELECT Tortillas Corn White 30 Count - 25 Oz,1.79,($0.07 / Ounce),"5101 Wilson Blvd
Arlington, VA 22205",Safeway
337,Signature SELECT Green Chiles... iced Mild Can - 7 Oz,1.79,($0.26 / Ounce),"5101 Wilson Blvd
Arlington, VA 22205",Safeway
338,Green Jalapeno Peppers - 0.25 Lb,0.62,($2.49 / Lb),"5101 Wilson Blvd
Arlington, VA 22205",Safeway
339,Signature SELECT Beans Garbanzo - 15 Oz,0.89,($0.06 / Ounce),"5101 Wilson Blvd
Arlington, VA 22205",Safeway
340,Ma Se Ca Corn Masa Flour Instant - 4.4 Lb,2.5,($0.04 / Ounce),"5101 Wilson Blvd
Arlington, VA 22205",Safeway
341,Del Monte Fruit Naturals Fruit... a Light Syrup - 7 Oz,1.67,($0.24 / Ounce),"5101 Wilson Blvd
Arlington, VA 22205",Safeway
342,Green Bell Pepper,0.69,($0.69 / Each),"5101 Wilson Blvd
Arlington, VA 22205",Safeway
343,Signature SELECT Beans Pinto - 15.5 Oz,0.89,($0.06 / Ounce),"5101 Wilson Blvd
Arlington, VA 22205",Safeway
344,Bens Original Long Grain White Par Rice - 5 LB,8.49,($0.11 / Ounce),"5101 Wilson Blvd
Arlington, VA 22205",Safeway
345,Signature SELECT Salsa Chunky Classic Medium Jar - 16 Oz,2.29,($0.14 / Ounce),"5101 Wilson Blvd
Arlington, VA 22205",Safeway
346,Green Zucchini Squash,0.6,($1.49 / Lb),"5101 Wilson Blvd
Arlington, VA 22205",Safeway
347,Tomatillo,2.99,($2.99 / Lb),"5101 Wilson Blvd
Arlington, VA 22205",Safeway
348,On The Vine Red Tomato,0.99,($2.99 / Lb),"5101 Wilson Blvd
Arlington, VA 22205",Safeway
349,Large Hass Avocado,2.0,($2.00 / Each),"6118 Arlington Blvd
Falls Church, VA 22044",Safeway
350,Organic Beets - 1 Bunch,3.49,($3.49 / Each),"6118 Arlington Blvd
Falls Church, VA 22044",Safeway
351,Signature SELECT Beans Black - 15 Oz,0.89,($0.06 / Ounce),"6118 Arlington Blvd
Falls Church, VA 22044",Safeway
352,Lucerne Cheese Mexican Blend Thick Cut Shredded- 8 Oz,1.99,($0.25 / Ounce),"6118 Arlington Blvd
Falls Church, VA 22044",Safeway
353,Signature SELECT Tortillas Corn White 30 Count - 25 Oz,1.79,($0.07 / Ounce),"6118 Arlington Blvd
Falls Church, VA 22044",Safeway
354,Signature SELECT Green Chiles... iced Mild Can - 7 Oz,1.79,($0.26 / Ounce),"6118 Arlington Blvd
Falls Church, VA 22044",Safeway
355,Green Jalapeno Peppers - 0.25 Lb,0.62,($2.49 / Lb),"6118 Arlington Blvd
Falls Church, VA 22044",Safeway
356,Signature SELECT Beans Garbanzo - 15 Oz,0.89,($0.06 / Ounce),"6118 Arlington Blvd
Falls Church, VA 22044",Safeway
357,Ma Se Ca Corn Masa Flour Instant - 4.4 Lb,2.5,($0.04 / Ounce),"6118 Arlington Blvd
Falls Church, VA 22044",Safeway
358,Del Monte Fruit Naturals Fruit... a Light Syrup - 7 Oz,1.67,($0.24 / Ounce),"6118 Arlington Blvd
Falls Church, VA 22044",Safeway
359,Green Bell Pepper,0.69,($0.69 / Each),"6118 Arlington Blvd
Falls Church, VA 22044",Safeway
360,Signature SELECT Beans Pinto - 15.5 Oz,0.89,($0.06 / Ounce),"6118 Arlington Blvd
Falls Church, VA 22044",Safeway
361,Bens Original Long Grain White Par Rice - 5 LB,8.49,($0.11 / Ounce),"6118 Arlington Blvd
Falls Church, VA 22044",Safeway
362,Signature SELECT Salsa Chunky Classic Medium Jar - 16 Oz,2.29,($0.14 / Ounce),"6118 Arlington Blvd
Falls Church, VA 22044",Safeway
363,Green Zucchini Squash,0.6,($1.49 / Lb),"6118 Arlington Blvd
Falls Church, VA 22044",Safeway
364,Tomatillo,2.99,($2.99 / Lb),"6118 Arlington Blvd
Falls Church, VA 22044",Safeway
365,On The Vine Red Tomato,0.99,($2.99 / Lb),"6118 Arlington Blvd
Falls Church, VA 22044",Safeway
366,Large Avocado,0.89,1 ct ,155 Hillwood Avenue,Aldi
367,Dakota's Black Beans,0.55,15 oz ,155 Hillwood Avenue,Aldi
368,Happy Farms Shredded Mexican Cheese,3.09,12 oz ,155 Hillwood Avenue,Aldi
369,"Pueblo Lindo 6"" Corn Tortillas",1.39,25 oz ,155 Hillwood Avenue,Aldi
370,Casa Mamita Diced Tomatoes with Green Chilies,0.49,10 oz ,155 Hillwood Avenue,Aldi
371,"Jalapeno Peppers, Package",0.89,8 oz bag ,155 Hillwood Avenue,Aldi
372,Dakota's Pride Garbanzo Beans,0.55,15.5 oz ,155 Hillwood Avenue,Aldi
373,Pueblo Lindo Instant Corn Masa Mix,2.15,4.4 lb ,155 Hillwood Avenue,Aldi
374,Sweet Harvest Fruit Cocktail in 100% Fruit Juice,1.05,15 oz ,155 Hillwood Avenue,Aldi
375,Green Peppers,2.55,3 ct ,155 Hillwood Avenue,Aldi
376,Dakota's Pride Pinto Beans,1.25,30 oz ,155 Hillwood Avenue,Aldi
377,Earthly Grains Long Grain White Rice,2.05,3 lb ,155 Hillwood Avenue,Aldi
378,Califia Farms Pure Black Medium Roast Cold Brew,5.49,48 fl oz ,155 Hillwood Avenue,Aldi
379,Yellow Squash (Limit 6),2.16,~$2.16 /item,155 Hillwood Avenue,Aldi
380,Specially Selected Avocado Tomatillo Salsa,2.15,16 oz ,155 Hillwood Avenue,Aldi
381,Roma Tomatoes,0.35,~$0.35 /item,155 Hillwood Avenue,Aldi
382,Large Avocado,0.89,1 ct ,24330 Liberty Harvest Court,Aldi
383,Dakota's Black Beans,0.55,15 oz ,24330 Liberty Harvest Court,Aldi
384,Happy Farms Shredded Mexican Cheese,3.09,12 oz ,24330 Liberty Harvest Court,Aldi
385,"Pueblo Lindo 6"" Corn Tortillas",1.39,25 oz ,24330 Liberty Harvest Court,Aldi
386,Casa Mamita Diced Tomatoes with Green Chilies,0.49,10 oz ,24330 Liberty Harvest Court,Aldi
387,"Jalapeno Peppers, Package",0.89,8 oz bag ,24330 Liberty Harvest Court,Aldi
388,Dakota's Pride Garbanzo Beans,0.55,15.5 oz ,24330 Liberty Harvest Court,Aldi
389,Pueblo Lindo Instant Corn Masa Mix,2.15,4.4 lb ,24330 Liberty Harvest Court,Aldi
390,Sweet Harvest Fruit Cocktail in 100% Fruit Juice,1.05,15 oz ,24330 Liberty Harvest Court,Aldi
391,Green Peppers,2.55,3 ct ,24330 Liberty Harvest Court,Aldi
392,Dakota's Pride Pinto Beans,1.25,30 oz ,24330 Liberty Harvest Court,Aldi
393,Earthly Grains Long Grain White Rice,2.05,3 lb ,24330 Liberty Harvest Court,Aldi
394,Casa Mamita Medium Salsa,1.05,24 oz ,24330 Liberty Harvest Court,Aldi
395,Yellow Squash (Limit 6),2.16,~$2.16 /item,24330 Liberty Harvest Court,Aldi
396,Roma Tomatoes,0.38,~$0.38 /item,24330 Liberty Harvest Court,Aldi
397,Roma Tomatoes,0.38,~$0.38 /item,24330 Liberty Harvest Court,Aldi
398,Large Avocado,0.89,1 ct ,5725 Columbia Pike,Aldi
399,Dakota's Black Beans,0.55,15 oz ,5725 Columbia Pike,Aldi
400,Happy Farms Shredded Mexican Cheese,3.09,12 oz ,5725 Columbia Pike,Aldi
401,"Pueblo Lindo 6"" Corn Tortillas",1.39,25 oz ,5725 Columbia Pike,Aldi
402,Casa Mamita Diced Tomatoes with Green Chilies,0.49,10 oz ,5725 Columbia Pike,Aldi
403,Tuscan Garden Jalapeno Peppers,2.05,16 fl oz ,5725 Columbia Pike,Aldi
404,Dakota's Pride Garbanzo Beans,0.55,15.5 oz ,5725 Columbia Pike,Aldi
405,Pueblo Lindo Instant Corn Masa Mix,2.15,4.4 lb ,5725 Columbia Pike,Aldi
406,Sweet Harvest Fruit Cocktail in 100% Fruit Juice,1.05,15 oz ,5725 Columbia Pike,Aldi
407,Green Peppers,2.55,3 ct ,5725 Columbia Pike,Aldi
408,Dakota's Pride Pinto Beans,1.25,30 oz ,5725 Columbia Pike,Aldi
409,Earthly Grains Long Grain White Rice,2.05,3 lb ,5725 Columbia Pike,Aldi
410,Califia Farms Pure Black Medium Roast Cold Brew,5.49,48 fl oz ,5725 Columbia Pike,Aldi
411,Yellow Squash (Limit 6),2.16,~$2.16 /item,5725 Columbia Pike,Aldi
412,Specially Selected Avocado Tomatillo Salsa,2.15,16 oz ,5725 Columbia Pike,Aldi
413,Roma Tomatoes,0.35,~$0.35 /item,5725 Columbia Pike,Aldi
414,Avocado - each,0.89,,"Alexandria
3101 Richmond Hwy, Alexandria, VA 22305-3042
Set as my store
Store Details",Target
415,Low Sodium Black Beans - 15.5oz - Good & Gather,0.79,,"Alexandria
3101 Richmond Hwy, Alexandria, VA 22305-3042
Set as my store
Store Details",Target
416,Shredded Mexican-Style Cheese - 8oz - Good & Gather,1.99,,"Alexandria
3101 Richmond Hwy, Alexandria, VA 22305-3042
Set as my store
Store Details",Target
417,Mission gluten Free White Corn Tortillas - 25oz/30ct,2.79,,"Alexandria
3101 Richmond Hwy, Alexandria, VA 22305-3042
Set as my store
Store Details",Target
418,Diced Green Chiles Mild 4oz - Market Pantry,0.95,,"Alexandria
3101 Richmond Hwy, Alexandria, VA 22305-3042
Set as my store
Store Details",Target
419,Sliced Jalapeno Peppers 12oz - Market Pantry,1.39,,"Alexandria
3101 Richmond Hwy, Alexandria, VA 22305-3042
Set as my store
Store Details",Target
420,Chickpeas Garbanzo Beans - 15.5oz - Good & Gather,0.79,,"Alexandria
3101 Richmond Hwy, Alexandria, VA 22305-3042
Set as my store
Store Details",Target
421,Maseca Gluten Free Instant Corn Masa Flour - 4.4 lbs,3.59,,"Alexandria
3101 Richmond Hwy, Alexandria, VA 22305-3042
Set as my store
Store Details",Target
422,Fruit Cocktail In 100% Fruit Juice 15oz - Market Pantry,0.99,,"Alexandria
3101 Richmond Hwy, Alexandria, VA 22305-3042
Set as my store
Store Details",Target
423,Tri-Colored Bell Peppers - 16oz/3ct - Good & Gather,3.39,,"Alexandria
3101 Richmond Hwy, Alexandria, VA 22305-3042
Set as my store
Store Details",Target
424,Pinto Beans - 15.5oz - Good & Gather,0.79,,"Alexandria
3101 Richmond Hwy, Alexandria, VA 22305-3042
Set as my store
Store Details",Target
425,Minute Instant White Rice - 14oz,2.29,,"Alexandria
3101 Richmond Hwy, Alexandria, VA 22305-3042
Set as my store
Store Details",Target
426,Medium Chunky Salsa 24oz - Good & Gather,1.49,,"Alexandria
3101 Richmond Hwy, Alexandria, VA 22305-3042
Set as my store
Store Details",Target
427,Frozen Butternut Squash - 12oz - Good & Gather,2.19,,"Alexandria
3101 Richmond Hwy, Alexandria, VA 22305-3042
Set as my store
Store Details",Target
428,Mild Roasted Salsa Verde 16oz - Good & Gather,2.49,,"Alexandria
3101 Richmond Hwy, Alexandria, VA 22305-3042
Set as my store
Store Details",Target
429,Roma Tomato - 1lb Bag,1.29,,"Alexandria
3101 Richmond Hwy, Alexandria, VA 22305-3042
Set as my store
Store Details",Target
430,Avocado - each,0.89,,"Ballston
740 N Glebe Rd, Arlington, VA 22203-2257
Confirm as my store
Store Details",Target
431,Low Sodium Black Beans - 15.5oz - Good & Gather,0.79,,"Ballston
740 N Glebe Rd, Arlington, VA 22203-2257
Confirm as my store
Store Details",Target
432,Shredded Mexican-Style Cheese - 8oz - Good & Gather,1.99,,"Ballston
740 N Glebe Rd, Arlington, VA 22203-2257
Confirm as my store
Store Details",Target
433,Mission gluten Free White Corn Tortillas - 25oz/30ct,2.79,,"Ballston
740 N Glebe Rd, Arlington, VA 22203-2257
Confirm as my store
Store Details",Target
434,Diced Green Chiles Mild 4oz - Market Pantry,0.99,,"Ballston
740 N Glebe Rd, Arlington, VA 22203-2257
Confirm as my store
Store Details",Target
435,Sliced Jalapeno Peppers 12oz - Market Pantry,1.39,,"Ballston
740 N Glebe Rd, Arlington, VA 22203-2257
Confirm as my store
Store Details",Target
436,Chickpeas Garbanzo Beans - 15.5oz - Good & Gather,0.79,,"Ballston
740 N Glebe Rd, Arlington, VA 22203-2257
Confirm as my store
Store Details",Target
437,Maseca Gluten Free Instant Corn Masa Flour - 4.4 lbs,3.59,,"Ballston
740 N Glebe Rd, Arlington, VA 22203-2257
Confirm as my store
Store Details",Target
438,Fruit Cocktail In 100% Fruit Juice 15oz - Market Pantry,0.99,,"Ballston
740 N Glebe Rd, Arlington, VA 22203-2257
Confirm as my store
Store Details",Target
439,Tri-Colored Bell Peppers - 16oz/3ct - Good & Gather,3.39,,"Ballston
740 N Glebe Rd, Arlington, VA 22203-2257
Confirm as my store
Store Details",Target
440,Pinto Beans - 15.5oz - Good & Gather,0.79,,"Ballston
740 N Glebe Rd, Arlington, VA 22203-2257
Confirm as my store
Store Details",Target
441,Minute Instant White Rice - 14oz,1.99,,"Ballston
740 N Glebe Rd, Arlington, VA 22203-2257
Confirm as my store
Store Details",Target
442,Medium Chunky Salsa 24oz - Good & Gather,1.49,,"Ballston
740 N Glebe Rd, Arlington, VA 22203-2257
Confirm as my store
Store Details",Target
443,Frozen Butternut Squash - 12oz - Good & Gather,2.39,,"Ballston
740 N Glebe Rd, Arlington, VA 22203-2257
Confirm as my store
Store Details",Target
444,Mild Roasted Salsa Verde 16oz - Good & Gather,2.49,,"Ballston
740 N Glebe Rd, Arlington, VA 22203-2257
Confirm as my store
Store Details",Target
445,Roma Tomato - 1lb Bag,1.29,,"Ballston
740 N Glebe Rd, Arlington, VA 22203-2257
Confirm as my store
Store Details",Target
446,Avocado - each,0.89,,"Falls Church
6100 Arlington Blvd, Falls Church, VA 22044-2901
Set as my store
Store Details",Target
447,Low Sodium Black Beans - 15.5oz - Good & Gather,0.79,,"Falls Church
6100 Arlington Blvd, Falls Church, VA 22044-2901
Set as my store
Store Details",Target
448,Shredded Mexican-Style Cheese - 8oz - Good & Gather,1.99,,"Falls Church
6100 Arlington Blvd, Falls Church, VA 22044-2901
Set as my store
Store Details",Target
449,Mission gluten Free White Corn Tortillas - 25oz/30ct,2.79,,"Falls Church
6100 Arlington Blvd, Falls Church, VA 22044-2901
Set as my store
Store Details",Target
450,Diced Green Chiles Mild 4oz - Market Pantry,0.95,,"Falls Church
6100 Arlington Blvd, Falls Church, VA 22044-2901
Set as my store
Store Details",Target
451,Sliced Jalapeno Peppers 12oz - Market Pantry,1.39,,"Falls Church
6100 Arlington Blvd, Falls Church, VA 22044-2901
Set as my store
Store Details",Target
452,Chickpeas Garbanzo Beans - 15.5oz - Good & Gather,0.79,,"Falls Church
6100 Arlington Blvd, Falls Church, VA 22044-2901
Set as my store
Store Details",Target
453,Maseca Gluten Free Instant Corn Masa Flour - 4.4 lbs,3.59,,"Falls Church
6100 Arlington Blvd, Falls Church, VA 22044-2901
Set as my store
Store Details",Target
454,Fruit Cocktail In 100% Fruit Juice 15oz - Market Pantry,1.19,,"Falls Church
6100 Arlington Blvd, Falls Church, VA 22044-2901
Set as my store
Store Details",Target
455,Tri-Colored Bell Peppers - 16oz/3ct - Good & Gather,3.39,,"Falls Church
6100 Arlington Blvd, Falls Church, VA 22044-2901
Set as my store
Store Details",Target
456,Pinto Beans - 15.5oz - Good & Gather,0.79,,"Falls Church
6100 Arlington Blvd, Falls Church, VA 22044-2901
Set as my store
Store Details",Target
457,Minute Instant White Rice - 14oz,2.29,,"Falls Church
6100 Arlington Blvd, Falls Church, VA 22044-2901
Set as my store
Store Details",Target
458,Medium Chunky Salsa 24oz - Good & Gather,1.49,,"Falls Church
6100 Arlington Blvd, Falls Church, VA 22044-2901
Set as my store
Store Details",Target
459,Frozen Butternut Squash - 12oz - Good & Gather,2.19,,"Falls Church
6100 Arlington Blvd, Falls Church, VA 22044-2901
Set as my store
Store Details",Target
460,Mild Roasted Salsa Verde 16oz - Good & Gather,2.49,,"Falls Church
6100 Arlington Blvd, Falls Church, VA 22044-2901
Set as my store
Store Details",Target
461,Roma Tomato - 1lb Bag,1.29,,"Falls Church
6100 Arlington Blvd, Falls Church, VA 22044-2901
Set as my store
Store Details",Target
462,Avocado - each,0.89,,"Falls Church Tinner Hill
500 S. Washington St, Falls Church, VA 22046
Set as my store
Store Details",Target
463,Low Sodium Black Beans - 15.5oz - Good & Gather,0.79,,"Falls Church Tinner Hill
500 S. Washington St, Falls Church, VA 22046
Set as my store
Store Details",Target
464,Shredded Mexican-Style Cheese - 8oz - Good & Gather,1.99,,"Falls Church Tinner Hill
500 S. Washington St, Falls Church, VA 22046
Set as my store
Store Details",Target
465,Mission gluten Free White Corn Tortillas - 25oz/30ct,2.79,,"Falls Church Tinner Hill
500 S. Washington St, Falls Church, VA 22046
Set as my store
Store Details",Target
466,Diced Green Chiles Mild 4oz - Market Pantry,0.95,,"Falls Church Tinner Hill
500 S. Washington St, Falls Church, VA 22046
Set as my store
Store Details",Target
467,Sliced Jalapeno Peppers 12oz - Market Pantry,1.39,,"Falls Church Tinner Hill
500 S. Washington St, Falls Church, VA 22046
Set as my store
Store Details",Target
468,Chickpeas Garbanzo Beans - 15.5oz - Good & Gather,0.79,,"Falls Church Tinner Hill
500 S. Washington St, Falls Church, VA 22046
Set as my store
Store Details",Target
469,Maseca Gluten Free Instant Corn Masa Flour - 4.4 lbs,3.59,,"Falls Church Tinner Hill
500 S. Washington St, Falls Church, VA 22046
Set as my store
Store Details",Target
470,Fruit Cocktail In 100% Fruit Juice 15oz - Market Pantry,1.19,,"Falls Church Tinner Hill
500 S. Washington St, Falls Church, VA 22046
Set as my store
Store Details",Target
471,Tri-Colored Bell Peppers - 16oz/3ct - Good & Gather,3.39,,"Falls Church Tinner Hill
500 S. Washington St, Falls Church, VA 22046
Set as my store
Store Details",Target
472,Pinto Beans - 15.5oz - Good & Gather,0.79,,"Falls Church Tinner Hill
500 S. Washington St, Falls Church, VA 22046
Set as my store
Store Details",Target
473,Minute Instant White Rice - 14oz,2.29,,"Falls Church Tinner Hill
500 S. Washington St, Falls Church, VA 22046
Set as my store
Store Details",Target
474,Medium Chunky Salsa 24oz - Good & Gather,1.49,,"Falls Church Tinner Hill
500 S. Washington St, Falls Church, VA 22046
Set as my store
Store Details",Target
475,Frozen Butternut Squash - 12oz - Good & Gather,2.29,,"Falls Church Tinner Hill
500 S. Washington St, Falls Church, VA 22046
Set as my store
Store Details",Target
476,Mild Roasted Salsa Verde 16oz - Good & Gather,2.49,,"Falls Church Tinner Hill
500 S. Washington St, Falls Church, VA 22046
Set as my store
Store Details",Target
477,Roma Tomato - 1lb Bag,1.29,,"Falls Church Tinner Hill
500 S. Washington St, Falls Church, VA 22046
Set as my store
Store Details",Target
478,Avocado - each,0.95,,"Rosslyn
1500 Wilson Blvd, Rosslyn, VA 22209-2458
Set as my store
Store Details",Target
479,Low Sodium Black Beans - 15.5oz - Good & Gather,0.85,,"Rosslyn
1500 Wilson Blvd, Rosslyn, VA 22209-2458
Set as my store
Store Details",Target
480,Shredded Mexican-Style Cheese - 8oz - Good & Gather,2.19,,"Rosslyn
1500 Wilson Blvd, Rosslyn, VA 22209-2458
Set as my store
Store Details",Target
481,Mission gluten Free White Corn Tortillas - 25oz/30ct,2.79,,"Rosslyn
1500 Wilson Blvd, Rosslyn, VA 22209-2458
Set as my store
Store Details",Target
482,Diced Green Chiles Mild 4oz - Market Pantry,0.99,,"Rosslyn
1500 Wilson Blvd, Rosslyn, VA 22209-2458
Set as my store
Store Details",Target
483,Sliced Jalapeno Peppers 12oz - Market Pantry,1.39,,"Rosslyn
1500 Wilson Blvd, Rosslyn, VA 22209-2458
Set as my store
Store Details",Target
484,Chickpeas Garbanzo Beans - 15.5oz - Good & Gather,0.85,,"Rosslyn
1500 Wilson Blvd, Rosslyn, VA 22209-2458
Set as my store
Store Details",Target
485,Maseca Gluten Free Instant Corn Masa Flour - 4.4 lbs,3.69,,"Rosslyn
1500 Wilson Blvd, Rosslyn, VA 22209-2458
Set as my store
Store Details",Target
486,Fruit Cocktail In 100% Fruit Juice 15oz - Market Pantry,1.19,,"Rosslyn
1500 Wilson Blvd, Rosslyn, VA 22209-2458
Set as my store
Store Details",Target
487,Tri-Colored Bell Peppers - 16oz/3ct - Good & Gather,3.39,,"Rosslyn
1500 Wilson Blvd, Rosslyn, VA 22209-2458
Set as my store
Store Details",Target
488,Pinto Beans - 15.5oz - Good & Gather,0.85,,"Rosslyn
1500 Wilson Blvd, Rosslyn, VA 22209-2458
Set as my store
Store Details",Target
489,Minute Instant White Rice - 14oz,1.99,,"Rosslyn
1500 Wilson Blvd, Rosslyn, VA 22209-2458
Set as my store
Store Details",Target
490,Medium Chunky Salsa 24oz - Good & Gather,1.49,,"Rosslyn
1500 Wilson Blvd, Rosslyn, VA 22209-2458
Set as my store
Store Details",Target
491,Frozen Butternut Squash - 12oz - Good & Gather,2.49,,"Rosslyn
1500 Wilson Blvd, Rosslyn, VA 22209-2458
Set as my store
Store Details",Target
492,Mild Roasted Salsa Verde 16oz - Good & Gather,2.49,,"Rosslyn
1500 Wilson Blvd, Rosslyn, VA 22209-2458
Set as my store
Store Details",Target
493,Roma Tomato - 1lb Bag,1.29,,"Rosslyn
1500 Wilson Blvd, Rosslyn, VA 22209-2458
Set as my store
Store Details",Target
494,Avocado - each,0.89,,"Skyline
5115 Leesburg Pike, Falls Church, VA 22041-3207
Set as my store
Store Details",Target
495,Low Sodium Black Beans - 15.5oz - Good & Gather,0.79,,"Skyline
5115 Leesburg Pike, Falls Church, VA 22041-3207
Set as my store
Store Details",Target
496,Shredded Mexican-Style Cheese - 8oz - Good & Gather,1.99,,"Skyline
5115 Leesburg Pike, Falls Church, VA 22041-3207
Set as my store
Store Details",Target
497,Mission gluten Free White Corn Tortillas - 25oz/30ct,2.79,,"Skyline
5115 Leesburg Pike, Falls Church, VA 22041-3207
Set as my store
Store Details",Target
498,Diced Green Chiles Mild 4oz - Market Pantry,0.95,,"Skyline
5115 Leesburg Pike, Falls Church, VA 22041-3207
Set as my store
Store Details",Target
499,Sliced Jalapeno Peppers 12oz - Market Pantry,1.39,,"Skyline
5115 Leesburg Pike, Falls Church, VA 22041-3207
Set as my store
Store Details",Target
500,Chickpeas Garbanzo Beans - 15.5oz - Good & Gather,0.79,,"Skyline
5115 Leesburg Pike, Falls Church, VA 22041-3207
Set as my store
Store Details",Target
501,Maseca Gluten Free Instant Corn Masa Flour - 4.4 lbs,3.59,,"Skyline
5115 Leesburg Pike, Falls Church, VA 22041-3207
Set as my store
Store Details",Target
502,Fruit Cocktail In 100% Fruit Juice 15oz - Market Pantry,1.19,,"Skyline
5115 Leesburg Pike, Falls Church, VA 22041-3207
Set as my store
Store Details",Target
503,Tri-Colored Bell Peppers - 16oz/3ct - Good & Gather,3.39,,"Skyline
5115 Leesburg Pike, Falls Church, VA 22041-3207
Set as my store
Store Details",Target
504,Pinto Beans - 15.5oz - Good & Gather,0.79,,"Skyline
5115 Leesburg Pike, Falls Church, VA 22041-3207
Set as my store
Store Details",Target
505,Minute Instant White Rice - 14oz,2.29,,"Skyline
5115 Leesburg Pike, Falls Church, VA 22041-3207
Set as my store
Store Details",Target
506,Medium Chunky Salsa 24oz - Good & Gather,1.49,,"Skyline
5115 Leesburg Pike, Falls Church, VA 22041-3207
Set as my store
Store Details",Target
507,Frozen Butternut Squash - 12oz - Good & Gather,2.19,,"Skyline
5115 Leesburg Pike, Falls Church, VA 22041-3207
Set as my store
Store Details",Target
508,Mild Roasted Salsa Verde 16oz - Good & Gather,2.49,,"Skyline
5115 Leesburg Pike, Falls Church, VA 22041-3207
Set as my store
Store Details",Target
509,Roma Tomato - 1lb Bag,1.29,,"Skyline
5115 Leesburg Pike, Falls Church, VA 22041-3207
Set as my store
Store Details",Target
510,Large Hass Avocado,1.99,,"Arlington VA - 2700 Wilson Blvd, Arlington, VA 22201",Whole Foods
511,"Shelf-Stable Beans, Black - No Salt Added, 15 oz",0.79,,"Arlington VA - 2700 Wilson Blvd, Arlington, VA 22201",Whole Foods
512,"Shredded Mexican Blend, 8 oz",2.99,,"Arlington VA - 2700 Wilson Blvd, Arlington, VA 22201",Whole Foods
513,"Organic Tortillas, Flour (6 Tortillas), 12 oz",2.29,,"Arlington VA - 2700 Wilson Blvd, Arlington, VA 22201",Whole Foods
514,"Organic Large Chopped Green Chiles, 7 oz",2.79,,"Arlington VA - 2700 Wilson Blvd, Arlington, VA 22201",Whole Foods
515,Green Jalapeno Pepper,1.99,,"Arlington VA - 2700 Wilson Blvd, Arlington, VA 22201",Whole Foods
516,"Shelf-Stable Beans, Garbanzo - No Salt Added, 15.5 oz",0.79,,"Arlington VA - 2700 Wilson Blvd, Arlington, VA 22201",Whole Foods
517,Green Bell Pepper,1.99,,"Arlington VA - 2700 Wilson Blvd, Arlington, VA 22201",Whole Foods
518,"Shelf-Stable Beans, Pinto - No Salt Added, 15.5 oz",0.79,,"Arlington VA - 2700 Wilson Blvd, Arlington, VA 22201",Whole Foods
519,"Enriched Long Grain White Rice, 80 oz",5.99,,"Arlington VA - 2700 Wilson Blvd, Arlington, VA 22201",Whole Foods
520,"Salsa, Small Batch Taqueria - Medium, 16 oz",2.79,,"Arlington VA - 2700 Wilson Blvd, Arlington, VA 22201",Whole Foods
521,Zucchini Squash,1.99,,"Arlington VA - 2700 Wilson Blvd, Arlington, VA 22201",Whole Foods
522,Sale Price2 for $6,4.99,,"Arlington VA - 2700 Wilson Blvd, Arlington, VA 22201",Whole Foods
523,Roma Tomato,1.79,,"Arlington VA - 2700 Wilson Blvd, Arlington, VA 22201",Whole Foods
524,Large Hass Avocado,1.99,,"Pentagon City - 520 12th St South, Arlington, VA 22202",Whole Foods
525,"Shelf-Stable Beans, Black - No Salt Added, 15 oz",0.79,,"Pentagon City - 520 12th St South, Arlington, VA 22202",Whole Foods
526,"Shredded Mexican Blend, 8 oz",2.99,,"Pentagon City - 520 12th St South, Arlington, VA 22202",Whole Foods
527,"Organic Tortillas, Flour (6 Tortillas), 12 oz",2.29,,"Pentagon City - 520 12th St South, Arlington, VA 22202",Whole Foods
528,"Organic Large Chopped Green Chiles, 7 oz",2.79,,"Pentagon City - 520 12th St South, Arlington, VA 22202",Whole Foods
529,Jalapeno Pepper,2.99,,"Pentagon City - 520 12th St South, Arlington, VA 22202",Whole Foods
530,"Shelf-Stable Beans, Garbanzo - No Salt Added, 15.5 oz",0.79,,"Pentagon City - 520 12th St South, Arlington, VA 22202",Whole Foods
531,Green Bell Pepper,1.99,,"Pentagon City - 520 12th St South, Arlington, VA 22202",Whole Foods
532,"Shelf-Stable Beans, Pinto - No Salt Added, 15.5 oz",0.79,,"Pentagon City - 520 12th St South, Arlington, VA 22202",Whole Foods
533,"Enriched Long Grain White Rice, 80 oz",5.99,,"Pentagon City - 520 12th St South, Arlington, VA 22202",Whole Foods
534,"Salsa, Small Batch Taqueria - Medium, 16 oz",2.79,,"Pentagon City - 520 12th St South, Arlington, VA 22202",Whole Foods
535,Zucchini Squash,1.99,,"Pentagon City - 520 12th St South, Arlington, VA 22202",Whole Foods
536,Husked Tomatillos,3.49,,"Pentagon City - 520 12th St South, Arlington, VA 22202",Whole Foods
537,Roma Tomato,1.79,,"Pentagon City - 520 12th St South, Arlington, VA 22202",Whole Foods
538,Large Hass Avocado,1.99,,"Tysons - 7511 Leesburg Pike, Falls Church, VA 22043",Whole Foods
539,"Shelf-Stable Beans, Black - No Salt Added, 15 oz",0.79,,"Tysons - 7511 Leesburg Pike, Falls Church, VA 22043",Whole Foods
540,"Shredded Mexican Blend, 8 oz",2.99,,"Tysons - 7511 Leesburg Pike, Falls Church, VA 22043",Whole Foods
541,"Organic Tortillas, Flour (6 Tortillas), 12 oz",2.29,,"Tysons - 7511 Leesburg Pike, Falls Church, VA 22043",Whole Foods
542,"Organic Large Chopped Green Chiles, 7 oz",2.79,,"Tysons - 7511 Leesburg Pike, Falls Church, VA 22043",Whole Foods
543,Green Jalapeno Pepper,1.99,,"Tysons - 7511 Leesburg Pike, Falls Church, VA 22043",Whole Foods
544,"Shelf-Stable Beans, Garbanzo - No Salt Added, 15.5 oz",0.79,,"Tysons - 7511 Leesburg Pike, Falls Church, VA 22043",Whole Foods
545,Green Bell Pepper,1.99,,"Tysons - 7511 Leesburg Pike, Falls Church, VA 22043",Whole Foods
546,"Shelf-Stable Beans, Pinto - No Salt Added, 15.5 oz",0.79,,"Tysons - 7511 Leesburg Pike, Falls Church, VA 22043",Whole Foods
547,"Enriched Long Grain White Rice, 80 oz",5.99,,"Tysons - 7511 Leesburg Pike, Falls Church, VA 22043",Whole Foods
548,"Salsa, Small Batch Taqueria - Medium, 16 oz",2.79,,"Tysons - 7511 Leesburg Pike, Falls Church, VA 22043",Whole Foods
549,Zucchini Squash,1.99,,"Tysons - 7511 Leesburg Pike, Falls Church, VA 22043",Whole Foods
550,Husked Tomatillos,3.49,,"Tysons - 7511 Leesburg Pike, Falls Church, VA 22043",Whole Foods
551,Roma Tomato,1.79,,"Tysons - 7511 Leesburg Pike, Falls Church, VA 22043",Whole Foods
